{"mean": [41.420404, 174.69768546666666, 75.145668, 15.421014666666666, 95.48399465764, 40.03625318080532], "scale": [15.175038730651861, 12.824487111366368, 13.982694190812296, 8.354089855700515, 9.44983905862795, 0.7798740373590348], "columns": ["Age", "Height", "Weight", "Duration", "Heart_Rate", "Body_Temp"]}